{
  "__type__": "cc.SpriteFrame",
  "content": {
    "name": "set",
    "atlas": "",
    "rect": {
      "x": 4,
      "y": 1,
      "width": 60,
      "height": 66
    },
    "offset": {
      "x": 0,
      "y": 0
    },
    "originalSize": {
      "width": 68,
      "height": 68
    },
    "rotated": false,
    "capInsets": [
      0,
      0,
      0,
      0
    ],
    "vertices": {
      "rawPosition": [
        -30,
        -33,
        0,
        30,
        -33,
        0,
        -30,
        33,
        0,
        30,
        33,
        0
      ],
      "indexes": [
        0,
        1,
        2,
        2,
        1,
        3
      ],
      "uv": [
        4,
        67,
        64,
        67,
        4,
        1,
        64,
        1
      ],
      "nuv": [
        0.058823529411764705,
        0.014705882352941176,
        0.9411764705882353,
        0.014705882352941176,
        0.058823529411764705,
        0.9852941176470589,
        0.9411764705882353,
        0.9852941176470589
      ],
      "minPos": {
        "x": -30,
        "y": -33,
        "z": 0
      },
      "maxPos": {
        "x": 30,
        "y": 33,
        "z": 0
      }
    },
    "texture": "56825443-2c8c-47ce-80bd-271d461bc6f4@6c48a",
    "packable": true,
    "pixelsToUnit": 100,
    "pivot": {
      "x": 0.5,
      "y": 0.5
    },
    "meshType": 0
  }
}