{
  "__type__": "cc.SpriteFrame",
  "content": {
    "name": "dan",
    "atlas": "",
    "rect": {
      "x": 76,
      "y": 102,
      "width": 380,
      "height": 601
    },
    "offset": {
      "x": -96,
      "y": -39.5
    },
    "originalSize": {
      "width": 724,
      "height": 726
    },
    "rotated": false,
    "capInsets": [
      0,
      0,
      0,
      0
    ],
    "vertices": {
      "rawPosition": [
        -190,
        -300.5,
        0,
        190,
        -300.5,
        0,
        -190,
        300.5,
        0,
        190,
        300.5,
        0
      ],
      "indexes": [
        0,
        1,
        2,
        2,
        1,
        3
      ],
      "uv": [
        76,
        624,
        456,
        624,
        76,
        23,
        456,
        23
      ],
      "nuv": [
        0.10497237569060773,
        0.03168044077134986,
        0.6298342541436464,
        0.03168044077134986,
        0.10497237569060773,
        0.859504132231405,
        0.6298342541436464,
        0.859504132231405
      ],
      "minPos": {
        "x": -190,
        "y": -300.5,
        "z": 0
      },
      "maxPos": {
        "x": 190,
        "y": 300.5,
        "z": 0
      }
    },
    "texture": "28146bfb-0afe-47cd-8f96-78b362fd750d@6c48a",
    "packable": true,
    "pixelsToUnit": 100,
    "pivot": {
      "x": 0.5,
      "y": 0.5
    },
    "meshType": 0
  }
}